14,8811746;41,1661766;"Castle"
12,3846381;43,1195156;"Castle Porta Sant'Angelo"
12,2656052;46,7351347;"Castle Klammschlößl - Valcastello"
11,6409378;43,2394888;"Castle San Gimignanello"
11,7871184;45,0706296;"Castle Torre Mozza"
11,7877165;45,0703328;"Castle Torre Donà"
11,9626569;44,0999806;"Castle Rocca di Predappio Alta"
11,654628;43,210278;"Castle Castelnuovo Grilli"
11,6246356;43,2029329;"Castle Gallico"
11,674333;43,3401991;"Castle Castello di Gargonza"
9,7528746;40,6153867;"Castle Torre Aragonese"
15,060006;41,0737838;"Castle D'Aquino"
8,9088927;45,1248923;"Castle Castello di Scaldasole"
11,5898072;43,4383934;"Castle Castello di Cennina"
11,7375719;43,2130109;"Castle Palazzo Pretorio"
11,9265686;43,3179009;"Castle Castello di Montecchio"
11,70623;43,73944;"Castle Castello di Castel San Niccolò"
11,0262564;46,6421776;"Castle Schloss Dornsberg"
10,5885944;46,6636516;"Castle"
9,2776593;46,0703628;"Castle"
8,4152787;44,2089091;"Castle"
12,9391182;43,4972955;"Castle Porta del Forno"
13,5041653;45,9481607;"Castle Castello di Spessa"
8,7087187;44,634043;"Castle Castello di Lerma"
10,8882457;45,9217861;"Castle Castello di Arco"
11,4252157;45,5089782;"Castle Villa Cordellina Lombardi"
9,2341033;44,3478517;"Castle Castello di Rapallo"
13,3661753;38,1222122;"Castle Castello a Mare"
14,3530957;37,7663015;"Castle Castello di Sperlinga"
11,0204195;43,5955857;"Castle"
11,6525164;45,7496394;"Castle Castello Superiore di Marostica"
12,0640988;37,9922522;"Castle"
11,7046132;43,1617507;"Castle Abbadia a Sicille"
11,0983931;46,5972792;"Castle Eschenlohe"
11,35257;43,6301556;"Castle Castello di Cintoia"
12,0580491;42,8785789;"Castle"
13,1920384;46,1733959;"Castle Castello"
13,8607837;45,5895231;"Castle Grad Socerb"
13,965458;40,7317836;"Castle"
11,7104591;44,3525704;"Castle Porta Montanara"
8,2386761;45,3932985;"Castle Castello di Vettignè"
10,9678637;46,6515702;"Castle Schloß Juval - Castel Juval"
12,3461621;43,8966691;"Castle San Leo"
11,2489794;46,4821355;"Castle Schloss Korb - Castel Corba"
13,9834581;42,333311;"Castle Castello De Sterlich-Aliprandi"
11,1196654;46,6784036;"Castle Schloss Forst - Castel Foresta"
10,4235872;44,6930049;"Castle Castell di Montechiarugolo"
8,7288201;45,8875362;"Castle Rocca di Orino"
11,6137362;43,0096003;"Castle Rocca d'Orcia"
16,4156456;41,2818693;"Castle Castello Svevo"
9,7312615;44,6292363;"Castle Castello di Bardi"
11,9151994;42,8868072;"Castle Castello di Fighine"
13,0605319;43,4210929;"Castle Rotoscio de Castella"
10,7325328;45,5039333;"Castle Castello di Lazise"
17,257909;40,9791323;"Castle Torre Incina"
11,247703;46,4537913;"Castle Schloss Moos - Castel Moos"
10,2259688;44,9204111;"Castle Rocca de Rossi"
10,1726535;44,8827148;"Castle Rocca Sanvitale"
11,5475407;42,7873248;"Castle Castello di Triana"
9,8216753;44,1065717;"Castle Castello San Giorgio"
12,4429276;42,2273863;"Castle Castello degli Anguillara"
12,4487766;45,9814711;"Castle Castello di Caneva"
11,9856104;42,6461428;"Castle Museo territoriale del Lago di Bolsena"
11,2644277;45,9893602;"Castle Castel Trapp"
8,9138059;45,9258981;"Castle Castello di Morcote"
11,1098546;45,9312304;"Castle Castel Beseno"
11,9410616;46,8449888;"Castle Schloss Neuberg"
7,1405387;45,6882309;"Castle Château de Montmayeur"
10,5111273;45,5689702;"Castle"
10,3654015;46,0264957;"Castle Castello di Cimbergo"
12,7289969;43,5168461;"Castle Castello Frontone"
14,8685771;37,6740973;"Castle Castello di Spitaleri"
12,3121012;37,9270026;"Castle Castello Santa Caterina"
11,1765724;43,4644577;"Castle Strozzavolpe"
10,8644244;43,3999187;"Castle Fortezza Medicea"
13,9266832;42,2433657;"Castle Castelluccio"
14,3431244;40,8115951;"Castle Palazzo Reale di Portici"
14,339248;40,8141733;"Castle Torre Medievale"
11,9897;46,917968;"Castle Toblburg"
7,4889728;45,7369463;"Castle Castello di Fénis"
11,2167694;46,0951147;"Castle La Rocca"
15,277227;37,8593053;"Castle"
13,0776841;43,3759957;"Castle"
13,8951508;42,2365018;"Castle Palazzo de Petris Fraggianni"
10,6184884;43,0606301;"Castle"
8,9750743;45,2333478;"Castle Castello"
11,0897005;43,6701814;"Castle Castello di Montegufoni"
11,4639063;43,3636966;"Castle Castell' in Villa"
11,5468958;43,3695352;"Castle Montalto"
9,8452441;43,0480159;"Castle Forte San Giorgio"
7,7412946;45,3501754;"Castle Castello di Ozegna"
11,3871462;43,8371797;"Castle Castello del Trebbio"
11,3983941;42,980255;"Castle Poggio alle Mura"
11,4214676;43,0459553;"Castle Castelgiocondo"
11,6579278;46,6955056;"Castle Schloss Ratzötz"
11,5833345;46,6446471;"Castle Schloss Anger"
11,5588805;43,1038605;"Castle Castel Verdelli"
11,5113757;43,3788409;"Castle Villa Arceno"
11,5283603;43,3107954;"Castle Torre a Castello"
10,49126;42,9897741;"Castle Torre di Populonia"
11,1678573;46,5484505;"Castle Zwingenburg"
15,7328086;40,8070126;"Castle Castello di Lagopesole"
10,8297436;46,6243131;"Castle Bildungshaus Schloß Goldrain"
14,0885983;37,9346801;"Castle"
11,3489708;46,8930766;"Castle Schloss Wolfsthurn"
10,2484369;44,4992734;"Castle Rocca di Rusino"
11,2513554;46,1865692;"Castle"
10,5648499;46,6336878;"Castle Ruine Lichtenberg - Castel Montechiaro"
15,441599;41,7858777;"Castle Palazzo Baronale"
11,6968748;43,1053679;"Castle Palazzo Massaini"
9,9676961;44,7883133;"Castle Castello di Contignaco"
9,2022369;45,0113322;"Castle Castello di Mornico Losana"
8,8583878;45,2554582;"Castle Castello di Gambolò"
13,0101939;43,4929728;"Castle Case Pellegrini"
9,5036607;39,1161928;"Castle La Fortezza Vecchia"
11,9940677;43,2770035;"Castle Fortezza del Girifalco"
12,9887362;43,4739995;"Castle Isermann"
9,6399775;45,14647;"Castle Castello Cavazzi"
8,5948328;45,2916733;"Castle Castello Boschi"
12,48869;43,8255671;"Castle Torre di cerignano"
9,8725416;44,679559;"Castle Golaso"
11,1979488;46,5476367;"Castle Ruine Casatsch"
12,0574953;44,0328877;"Castle Rocca Malatestiana di Giaggiolo"
12,0038735;44,0438828;"Castle Castello"
11,5343724;46,5952976;"Castle Trostburg"
9,1201615;45,8432488;"Castle Castello d'Ardona"
9,1911006;44,8493735;"Castle Castello di Oramala"
12,7910868;41,7390538;"Castle Castello d'Ariano"
15,3891489;41,2215141;"Castle Castello di Deliceto"
12,1043231;42,4217897;"Castle Rocca Albornoz"
13,5854007;42,8527584;"Castle Forte Malatesta"
10,4684476;44,6277821;"Castle Castello di Bianello"
9,0939974;44,740257;"Castle Castello di Borgo Adorno"
9,0039823;44,652185;"Castle Castello degli Spinola di Montessoro"
11,5874368;44,3292624;"Castle Castello Pieve Sant'Andrea"
15,6531435;40,9983463;"Castle Castello di Melfi"
11,7221277;44,2755377;"Castle Rocca di Riolo"
12,1765221;43,5494047;"Castle Castello Bufalini"
12,0774159;43,5150262;"Castle Castello di Sorci"
10,687738;45,4120444;"Castle Castello"
10,8393071;46,6302092;"Castle Schloss Annenberg"
9,030839;44,6792286;"Castle ruderi del Castello Malaspina"
11,7972532;46,0227179;"Castle Eremo San Micel"
11,0473964;46,3304653;"Castle Valer"
13,063905;43,1885611;"Castle Rocca D'Ajello"
13,9953928;42,0515544;"Castle Castello Caldora"
11,5977239;44,9297205;"Castle Corte Palazzi"
10,7905098;42,7735708;"Castle Forte delle Rocchette"
8,8511851;45,8143381;"Castle Castello di Belforte"
10,4558179;44,5756855;"Castle Castello di Canossa"
11,768682;42,8987793;"Castle Rocca di Radicofani"
12,5161747;42,4997566;"Castle"
12,5206712;42,5140032;"Castle La Rocca di Narni"
11,8595005;46,189873;"Castle Castel Pietra"
11,6141771;43,0094617;"Castle Ripa d'Orcia"
8,504684;40,2973955;"Castle Castello dei Malaspina"
12,3247946;44,072537;"Castle Castello di Longiano"
11,6195071;44,8376477;"Castle Castello Estense"
11,2015104;46,5376385;"Castle Castel Schwanburg"
12,1011255;42,4157051;"Castle Palazzo dei Papi"
16,1603005;38,735451;"Castle"
9,6820346;44,1344874;"Castle Castello Doria"
12,7752416;42,0783922;"Castle Ruderi di Castiglione"
12,429537;46,5159855;"Castle Forte Alto di Col Vidal"
12,4286755;46,5145954;"Castle Forte Basso di Col Vidal"
9,8407517;44,2130171;"Castle Castello Malaspina"
9,1267091;44,9072382;"Castle Castello di Montesegale"
10,7191327;45,5474534;"Castle Torre Catullo"
12,3682695;46,6990921;"Castle Festung Werk Mitterberg"
11,112147;46,2691457;"Castle Castel San Pietro"
11,0665593;46,2355202;"Castle Tor di Visione"
10,6669247;43,8520539;"Castle Fortezza del Cerruglio"
11,1391952;46,6150439;"Castle Schloss Braunsberg"
10,4748923;43,4050821;"Castle"
13,3836409;43,5636204;"Castle Castel d'Emilio"
13,3866097;43,582573;"Castle Castello del Cassero"
10,0516228;45,6368463;"Castle Castello di Provaglio d'Iseo"
11,7434746;44,2216357;"Castle Castello di Rontana"
12,4538344;42,3432388;"Castle Castello di Borghetto"
10,0887382;44,4760278;"Castle Castello di Corniglio"
9,901237;44,8164681;"Castle"
10,9349321;43,2745452;"Castle Rocca Sillana"
10,9575066;43,2654216;"Castle"
11,9602687;46,8234241;"Castle Kehlburg"
11,6599032;46,7251846;"Castle Hanberg"
9,2254125;45,7755974;"Castle Castello Feudale"
14,576023;40,6274908;"Castle Castello Lauritano"
10,0484638;44,264616;"Castle Castello di Bastia"
11,2703966;43,4362576;"Castle Rocca alle Macìe"
15,0512751;40,2500787;"Castle Castelluccio"
12,3464359;42,4178315;"Castle Castello Orsini"
8,5357565;39,3148101;"Castle Castello Salvaterra"
9,8693312;44,1395402;"Castle Forte Bastia"
12,6925522;41,7074941;"Castle Palazzo Sforza Cesarini"
7,7224657;44,5496994;"Castle Castello di Fossano"
9,4909236;44,8962117;"Castle Castello di Monteventano"
9,4721568;44,9405032;"Castle Montecanino"
13,1162183;46,1058891;"Castle Castello di Villalta"
10,7251348;44,5754638;"Castle Castello di Casalgrande"
9,1822011;44,6133247;"Castle Torre Malaspina"
12,6258876;42,3727483;"Castle"
11,1466957;43,6210269;"Castle"
15,0545223;40,6208612;"Castle Castello Colonna"
11,1289289;43,5635281;"Castle Torre di Pogni"
11,2510674;45,4228411;"Castle Castello Scaligero"
10,2193277;45,0090411;"Castle Rocca dei Rossi"
10,1223722;44,9273453;"Castle Rocca Meli Lupi"
10,9815322;46,4192382;"Castle Castello d'Altaguardia"
8,3061946;44,2812058;"Castle Castello del Miele"
11,9121149;42,5495543;"Castle Palazzo Farnese"
11,7529904;42,5441643;"Castle Palazzo Farnese"
12,9400701;42,1321666;"Castle"
12,9084622;42,094891;"Castle"
12,899966;42,0499303;"Castle"
12,9024766;42,0722255;"Castle"
11,6890448;45,8121825;"Castle Palazzon"
11,1093809;46,2202066;"Castle Castello di San Gottardo"
11,5500818;43,6577552;"Castle Torre di Menzano"
12,8938749;42,0161914;"Castle Cenci"
12,1988218;43,275911;"Castle Castello di Sorbello"
7,227635;45,1078773;"Castle Castello Conti Carroccio"
12,8385491;42,0098423;"Castle Castello Cesi"
11,8299691;42,7572793;"Castle Palazzo del Cardinale Guido Ascanio Sforza"
8,3139631;40,5593295;"Castle Palazzo d'Albis"
9,9999869;46,1815357;"Castle Torre di Castionetto"
9,3927053;44,9142112;"Castle Rocca d'Olgisio"
12,7868751;42,1630053;"Castle Castello Orsini"
16,1795116;41,8809448;"Castle Castello"
11,0729741;46,683762;"Castle Stachlburg"
15,5547395;40,1389728;"Castle"
7,9749562;45,674689;"Castle Castello di Rosazza"
15,1986701;40,7376712;"Castle"
15,0546848;40,4450471;"Castle Castello di Capaccio"
15,637759;40,570056;"Castle Torre di Satriano"
15,2339698;41,8837576;"Castle"
14,3618262;41,1258372;"Castle Castel Morrone"
14,3272775;41,989321;"Castle Paese Vecchio"
15,3038817;40,0324398;"Castle Castello di Molpa"
7,560321;45,7492183;"Castle Castello Cly"
12,2943903;45,9818908;"Castle Castello di San Martino"
7,75417;45,738419;"Castle Castello di Graines"
11,0888418;46,3809127;"Castle Castel Malgolo"
11,5038172;44,6723845;"Castle Torre Gnadi"
10,9434102;43,3235134;"Castle Castello dei Vescovi"
11,1555861;43,4600175;"Castle Fortezza di Poggio Imperiale"
7,3475444;45,7481753;"Castle Castello Passerin d'Entreves"
7,4033491;45,7264387;"Castle Castello Di Brissogne"
11,1878052;43,5521085;"Castle Castello del Nero"
11,1892603;43,6325459;"Castle Castello di Bibbione"
7,6854918;45,6544236;"Castle Castello Issogne"
8,7895906;45,7751558;"Castle Castello di Azzate"
8,7952125;45,7548429;"Castle Castello di Caidate"
7,6697238;45,7237151;"Castle Castello Saint-Germain"
7,6719043;45,730244;"Castle Castello Chenal"
9,5224312;44,9467049;"Castle Castello di Agazzano"
11,1133001;43,6498623;"Castle Castello di Poppiano"
8,9988771;40,3884686;"Castle"
11,0428268;43,3401549;"Castle"
9,4405408;44,989248;"Castle Castello di Castelnovo"
10,4173055;43,8352737;"Castle Castello di Nozzano"
7,7002647;45,6849343;"Castle Castello Di Villa - Challand"
7,6955699;45,6699766;"Castle Castello Di Verres"
13,0876446;46,1500972;"Castle Castello di Caporiacco"
14,4290419;40,6180367;"Castle"
16,0870111;39,973591;"Castle Castello dei Principi di Sanseverino"
8,5053696;44,9175049;"Castle"
8,0724924;45,4222558;"Castle Castello di Roppolo"
13,8651231;42,9955713;"Castle Castello di Grottamare"
7,6283401;45,7416384;"Castle Castello di Ussel"
9,1954369;45,0238128;"Castle Castello di Santa Giuletta"
11,756992;44,7535777;"Castle Delizia Estense del Belriguardo"
7,9240285;44,2302433;"Castle Castello di Casotto"
10,9372315;43,1706836;"Castle Castello di Fòsini"
10,4233001;42,8310695;"Castle Torre del Giove"
13,3565257;43,1638287;"Castle La rocca"
7,2992367;44,7476761;"Castle Castello di Bagnolo"
7,2971641;44,7500526;"Castle Palazzo Malingri"
7,0651908;44,5883556;"Castle Ruderi del Castello (XIV sec)"
13,8597634;43,0164203;"Castle Castello di Sant'Andrea"
8,2952825;44,6617466;"Castle"
11,0130506;43,811803;"Castle Rocca di Carmignano"
11,7672716;45,7979077;"Castle La Torre di Dante"
9,196926;44,8237454;"Castle Palazzo - Castello Malaspina"
11,7325263;45,7690102;"Castle Castello di Bassano del Grappa"
12,2352506;45,8506318;"Castle Castello di Susegana san salvatore"
11,9124395;45,8017087;"Castle Castello di Asolo"
10,0211503;44,1357385;"Castle Castello Malaspina"
13,6536782;37,9973631;"Castle"
13,6161424;38,0155093;"Castle"
7,4386664;44,3422508;"Castle"
7,4811348;44,5641811;"Castle Castello Reynaudi"
7,4817726;44,563548;"Castle Castello rosso"
7,482912;44,5635939;"Castle Il Castellotto"
11,3720361;44,3431199;"Castle Castello di Zena"
11,0102087;44,4764563;"Castle Rocca di Vignola"
11,3592617;43,1838857;"Castle Crevole"
9,5466702;44,9268302;"Castle Castello di Momeliano"
7,4383934;44,6217612;"Castle"
7,4066418;44,5981248;"Castle Torre di Brondello"
18,127917;40,0505308;"Castle"
7,332901;45,6234024;"Castle Casa Forte Di Tarambel"
17,1111444;40,5871623;"Castle"
15,0124448;40,836837;"Castle Castello"
10,5919569;43,5660938;"Castle Castello dei Vicari"
9,6135987;45,0036627;"Castle"
12,5904421;38,0358373;"Castle"
9,5912341;44,9508123;"Castle Castello di Rivalta"
9,6834269;44,8884365;"Castle Castello di Torrano"
9,6714402;44,9128601;"Castle Castello di Vigolzone"
9,5661937;44,8788937;"Castle Castello di Montechiaro"
7,0823085;45,6264782;"Castle Maison Forte"
6,7526183;44,9648407;"Castle Fort du Mont Chaberton"
7,0834407;45,6726819;"Castle Casa Forte Di Planaval"
9,9075839;44,2907562;"Castle castello di Borgo"
9,5163259;44,9121073;"Castle Castello di Rezzanello"
8,1877657;45,5315439;"Castle Castello di Castellengo"
11,3262946;45,3205459;"Castle Corte Grande o Cucchetta"
13,5041346;45,8879937;"Castle palazzo del capitano"
6,9832017;45,717824;"Castle Fortificazioni"
6,9708442;45,7168742;"Castle Ricovero Cap, Sandino"
6,8703768;45,763415;"Castle Ex Ricovero Magg, Sonza"
6,920851;45,7619063;"Castle Ex Ricovero Magg, Reggiani"
11,4054275;43,8738775;"Castle Castello di Monte Rotondo"
11,3797591;43,0970914;"Castle Rocca Gonfienti"
12,666674;41,9251123;"Castle Castello di Lunghezza"
9,5852273;44,9098806;"Castle Castello di Statto"
13,7734126;45,6471944;"Castle"
11,6644045;45,3637753;"Castle"
11,5490883;43,2826259;"Castle Monte Sante Marie"
11,1532281;43,3087544;"Castle Castellaccio"
11,2292885;43,2642;"Castle Castellare di Malignano"
11,2303051;43,2970509;"Castle Castello del Poggiarello"
11,264117;43,1877762;"Castle Castello di Capraia (Montecapraia)"
11,1833658;43,2331136;"Castle Castello di Montarrenti"
11,252433;43,2104597;"Castle Castello di Orgia"
11,1428203;43,2917644;"Castle Gallena"
11,1581666;43,2737463;"Castle Palazzo al Piano"
11,1549424;43,2799328;"Castle Radi di Montagna"
14,3912769;41,1391819;"Castle"
11,0813835;46,3299204;"Castle Castel Bragher"
9,4876586;45,1799672;"Castle Castello Belgioioso"
9,0399987;44,9061717;"Castle Rocca di Montalfeo"
11,7122228;44,9145737;"Castle Castello di Fossa d'Albero"
11,2061837;43,9992962;"Castle Castelluccio"
13,2218111;38,173879;"Castle"
7,482817;44,6143896;"Castle Castello della Manta"
7,21531;45,8240979;"Castle Chateau Verdun"
7,0485625;45,0491484;"Castle Forte Serre Marie"
12,7456205;42,257537;"Castle"
7,2966227;45,7780611;"Castle Torre di Gignod"
10,1672185;44,0085906;"Castle Castello aghinolfi"
10,5749856;43,5149604;"Castle Castello di Gello"
10,7763822;42,8444609;"Castle Torre Civette"
14,4741945;40,6883413;"Castle Castello Borbonico"
7,8131592;45,5828325;"Castle Casa Forte "Gran Masun""
7,8131069;45,5837891;"Castle Casa Forte "Palazzotto Ugoneti""
10,7306717;44,5110088;"Castle Rocchetta"
11,9117659;44,4209876;"Castle Rocca di Lugo"
8,3607089;45,6223156;"Castle Torre delle Castelle"
13,8584091;40,7372108;"Castle"
13,8727747;40,7602569;"Castle"
11,3053328;44,7117007;"Castle Rocca"
9,3724863;45,5373112;"Castle"
13,6946032;42,6607706;"Castle Castello Della Monica"
11,9896282;42,8839597;"Castle Castello di Salci"
11,3302535;43,6470356;"Castle Castello di Sezzate"
13,2164232;46,1662515;"Castle Castello di Tricesimo"
11,2035534;43,2007587;"Castle Castiglion che Dio sol sa"
7,4870778;44,6426777;"Castle La Castiglia"
15,8642292;38,3975315;"Castle Fortino di Pietrenere"
13,8880437;42,9142851;"Castle Torre Guelfa"
8,77218;45,1974349;"Castle Castello"
11,0793844;43,2456971;"Castle Castello di Falsini"
12,9937521;42,025157;"Castle Castello Brancaccio"
8,9633662;38,9530865;"Castle Torre di Santa Margherita"
8,002052;44,0952031;"Castle"
11,5820201;45,328091;"Castle Villa Dal Verme"
7,9507432;45,4352993;"Castle Castello vescovile di Albiano"
13,2471005;41,862348;"Castle Castello Cajetani"
11,9730088;43,0285507;"Castle Torri di Beccati Questo e Beccati Quello"
10,4127211;43,4054982;"Castle"
13,5898283;42,7472897;"Castle Castel Manfrino"
11,1938595;45,469357;"Castle Castello di Illasi"
11,1926009;43,2286738;"Castle Spannocchia"
11,1824721;43,3645912;"Castle Montauto"
11,3490757;42,7529823;"Castle Castello di Cotone"
11,1250661;43,1080688;"Castle Luriano"
11,5429286;42,9234359;"Castle Castello di Potentino"
12,9222548;42,1378401;"Castle"
12,7426029;42,0230325;"Castle"
8,7875322;44,7577508;"Castle"
14,1539524;41,2624127;"Castle"
11,2788693;43,720508;"Castle Castello di Montauto"
10,4381552;43,8224948;"Castle Castello Passerino"
9,1583271;45,1900396;"Castle Castello Visconteo"
10,4258913;44,5824426;"Castle Castello di Rossena"
12,9843262;41,5499171;"Castle"
7,2829646;45,7146682;"Castle Tour de Villa"
11,3637653;46,6408764;"Castle Schloss Reineck"
10,5520693;43,3866313;"Castle Castellaccio (Castello di Dolia)"
10,1796813;44,8080908;"Castle Castello della Musica"
7,7443579;45,6135593;"Castle"
7,7445774;45,6082092;"Castle Forte Di Bard"
10,8935277;43,1231028;"Castle Castello di Cugnano"
10,8218754;43,0411201;"Castle Castello della Marsiliana"
10,8569097;43,1449035;"Castle Rocca degli Alberti"
11,5617996;42,5407531;"Castle Castello di Scarceta (Castellaccio del Pelagone)"
11,4963387;42,5269386;"Castle Castello di Scerpena"
11,3783107;42,5408892;"Castle La Castellaccia"
11,5746306;42,4950719;"Castle Roccaccia di Montauto"
11,0367943;43,7828803;"Castle"
11,7557436;43,6522658;"Castle Civitella Secca"
11,8885659;43,6433007;"Castle Castelvecchio"
11,5956277;44,0687056;"Castle Rocca di Castiglione"
11,924217;45,6719354;"Castle Castelfranco Veneto"
11,3462237;42,8854761;"Castle Castello di Colle Massari"
11,3078544;42,8828758;"Castle Castello di Vicarello"
10,780284;44,7702636;"Castle Palazzo dei Principi"
11,4484563;43,0572114;"Castle Castello Romitorio"
11,4956821;46,5054181;"Castle Schloss Prösels / Castello Presule"
7,8111166;45,5956574;"Castle Castello Di Suzey"
10,6017156;44,5047249;"Castle Castello di Baiso"
10,6385941;44,5502159;"Castle Castello di Viano"
10,6591121;44,5841805;"Castle Castello D' Ondena"
10,5869812;43,6996584;"Castle Rocca di Vicopisano"
8,9711713;45,6588635;"Castle Castello Visconti Castelbarco"
8,8044932;44,6911898;"Castle"
12,1626444;43,4376713;"Castle Castello Bourbon"
10,3082059;45,1433006;"Castle"
10,2877675;45,1448746;"Castle"
17,9766256;40,1429194;"Castle Torre Alto"
12,1109981;43,2580665;"Castle Castello di Pierle"
9,5244034;45,5256958;"Castle Castello Borromeo"
10,4909065;44,5175073;"Castle Castello di Sarzano"
8,2930949;45,400402;"Castle Castello di Casanova Elvo"
8,1010393;45,1740168;"Castle Castello di Verrua Savoia"
8,7226259;38,9320633;"Castle Torre del Budello"
11,6260652;44,1547303;"Castle Castello di Fornazzano"
7,9938367;45,4250225;"Castle Castello d’Harcourt"
11,2284073;43,9144884;"Castle castello di Legri"
14,4298229;40,9937975;"Castle Castello di Rudovaco"
11,7688414;46,5641833;"Castle Burg Wolkenstein"
11,8442071;43,7309142;"Castle Castello di Gressoa"
12,5850425;41,9129136;"Castle Castello della Cervelletta"
9,5612459;46,3396009;"Castle Burg Castelmur"
10,0074667;44,6875038;"Castle Castello Pallavicino di Varano"
8,1170459;45,5023532;"Castle Castello di Verrone"
10,3918821;45,4111898;"Castle Castello Bonoris"
12,8746968;41,6857763;"Castle Palazzo Salviati"
11,8161851;42,6926979;"Castle Palazzo Monaldeschi della Cervara"
10,68003;43,0794652;"Castle Rocca Aldobrandesca"
12,9132751;37,780897;"Castle Castello di Rampinzeri"
7,2852705;44,4783937;"Castle Castello dei Berardi"
13,4705471;38,0888429;"Castle"
10,4541661;43,3508383;"Castle Torre di Vada"
12,500847;42,1252705;"Castle Rocca Colonna"
12,280466;42,3841146;"Castle Castello Ruspoli"
11,0189314;46,2739279;"Castle Castel Corona"
12,7635867;41,7944196;"Castle"
8,617383;45,4442625;"Castle Castello Visconteo - Sforzesco"
11,8698072;44,0136637;"Castle Torre di Monte Erno"
7,8556686;45,435848;"Castle Castello di Pavone Canavese"
8,7777544;38,9043459;"Castle Torre di Pixinnì"
13,4689942;45,9920415;"Castle Castello di Trussio"
11,2082527;42,9665314;"Castle Rocca di Torri"
14,6425037;40,7505922;"Castle Castello Fienga"
11,688573;42,7366406;"Castle Roccaccia di Montevitozzo"
11,4554377;43,4629249;"Castle Torre di Barbischio"
11,2329967;43,4750184;"Castle Castello di Mortennano"
11,6924369;42,8494477;"Castle Rocca Aldobrandesca"
12,120804;43,4622946;"Castle Castello di Lippiano"
8,7122838;40,9155927;"Castle Castello dei Doria"
12,7756902;45,9663355;"Castle Castello di Zoppola"
7,6843332;45,1424504;"Castle"
17,6416594;40,4994577;"Castle Castello Svevo"
8,4656156;44,3210357;"Castle Castello Migliardi"
9,7533952;45,521341;"Castle Rocca"
14,3265806;42,2966363;"Castle Castello Ducale De Riseis - D'Aragona"
9,6593622;44,877709;"Castle Castello di Folignano"
9,6279943;44,8576491;"Castle Castello di Riva"
9,3643913;45,0971714;"Castle"
10,7602449;43,9217963;"Castle Castello di Verruca"
7,7279197;45,332497;"Castle Castellazzo"
14,6763174;37,3435502;"Castle Castello di Mineo"
14,0595746;37,6848165;"Castle Castello di Resuttano"
8,5624853;40,4719632;"Castle"
12,9740678;41,8350982;"Castle Castello Colonna"
14,5654892;40,6236643;"Castle Colonia Montana"
7,1408744;45,7083013;"Castle Castello Blonay"
7,1400342;45,7088097;"Castle Castello di Avise"
7,2523454;45,7127779;"Castle Sarre"
8,2989626;45,1934678;"Castle Palazzo dei Paleologi"
9,5221939;44,9462119;"Castle Rocca di Agazzano"
12,6135325;43,9488092;"Castle castelleale"
12,609646;43,9357517;"Castle Castello di Agello"
14,1026873;41,6564914;"Castle"
7,6848462;45,0489404;"Castle Borgo Medioevale"
7,8119935;45,4803995;"Castle Castello Cagnis"
8,5327709;45,2982491;"Castle Torre di Palestro"
7,9535923;45,3335194;"Castle Castello di Vische"
10,4521686;44,5185793;"Castle Castello di Leguigno"
11,1585558;43,457259;"Castle Castello de La Magione"
7,4680364;45,7403068;"Castle Castello di Pilato"
8,9361289;44,4564271;"Castle Forte Fratello Maggiore"
8,9329;44,4569137;"Castle Forte Fratello Minore"
8,9377329;44,4467618;"Castle"
11,0275093;43,0227116;"Castle Rocca aldobrandesca"
7,7342466;44,6318606;"Castle Castello della Salza"
10,5009942;45,507028;"Castle Castello Padenghe"
8,4317946;45,7706763;"Castle Castello del Buccione"
12,3012408;41,7592743;"Castle Castello di Gulio II"
11,1229413;43,6892915;"Castle Villa Il Castellare"
9,3731075;44,9382816;"Castle Castello Corticelli"
13,6120889;41,7283597;"Castle Castello di Sora"
12,5062878;43,9529498;"Castle Montelupo Tower Ruins"
12,6247215;43,9327073;"Castle"
9,9995548;45,5708166;"Castle Castello Quistini"
17,517716;40,6467231;"Castle Castello Ducale"
16,8747462;41,0043591;"Castle"
12,6779223;45,7306416;"Castle Castello di San Stino"
11,215422;43,6548876;"Castle Castello di Castelbonsi"
12,5597068;42,3737762;"Castle"
13,7569748;45,6759363;"Castle Forte Kressich"
13,731483;45,6049694;"Castle Forte Olmi"
15,0947271;41,1543355;"Castle"
6,6972847;45,0835842;"Castle Tur d'Amun"
12,8884937;41,8393673;"Castle Porta San Martino"
12,8940701;41,8402202;"Castle Porta Santa Croce"
9,1221728;44,3680343;"Castle Torre medievale"
13,3412372;42,0668438;"Castle La Rocca"
14,5958251;41,2556177;"Castle Castello medievale dei Sanframondo"
8,3387091;45,435492;"Castle Castello di Villarboit"
15,1865067;37,2855105;"Castle Brucoli"
8,7558558;44,6385482;"Castle Castello di Mornese"
11,7258081;45,9490431;"Castle Covolo di Butistone"
10,8229433;45,5648385;"Castle"
15,8009611;41,0490078;"Castle"
11,2112391;46,0056125;"Castle"
8,2815188;45,4551057;"Castle Castello di Balocco"
14,277442;37,586058;"Castle"
14,1434263;37,9926115;"Castle"
14,362332;37,9322599;"Castle Mistretta Castle"
14,1533652;37,8534854;"Castle Manor of Ventimiglia"
14,6985757;37,1538994;"Castle Santapau Castle"
8,3477911;45,3957188;"Castle Castello di Collobiano"
10,1672748;42,7890609;"Castle"
14,5543639;36,7829541;"Castle Torre Cabrera"
14,8554606;41,0472016;"Castle Castello"
11,5112042;46,85772;"Castle Burg Welfenstein"
8,1451574;43,9660558;"Castle Castro Andorae"
15,4873189;40,753558;"Castle Castello di Muro Lucano"
10,8917453;43,1098279;"Castle Castello di Rocchette Pannocchieschi"
14,6183645;40,8180993;"Castle Il Castello"
15,3680105;40,3877514;"Castle Resti del Castello del duca Zottone di Benevento"
8,1647334;45,8828347;"Castle Castello di Cervatto"
12,6672276;41,7859167;"Castle Abbazzia di S, Nilo Bastioni di difesa"
12,6482538;41,7984657;"Castle"
8,3844616;45,4262464;"Castle Castello di Albano"
8,5862154;44,6617395;"Castle"
11,6002564;46,6698877;"Castle Schloss Feldthurns"
7,8852837;43,8506284;"Castle Torre Barbaresca"
12,4699638;46,4768145;"Castle"
9,5524016;45,0630587;"Castle Castello di Rottofreno"
9,5677308;45,0803689;"Castle Castello di Santimento"
13,1597061;42,6202133;"Castle Rocca"
12,5488923;43,1366075;"Castle San Gregorio borgo medioevale"
12,5376922;43,1261727;"Castle Torre di Torchiagina"
12,6152578;43,0732603;"Castle"
12,8562963;45,9145013;"Castle"
16,0123883;41,9498395;"Castle"
10,8225121;44,8893287;"Castle San Genesio"
10,2379662;45,7915479;"Castle Castel Vanil"
15,9075686;39,7986222;"Castle"
11,5684003;46,6339991;"Castle Ansitz Lusenegg"
11,3243887;43,8015145;"Castle"
10,7902211;43,6519871;"Castle Montebicchieri"
12,0958917;42,2161622;"Castle"
7,9392423;45,3052244;"Castle Castello di Mazzè"
7,9314866;44,6962664;"Castle"
10,6425442;43,9259277;"Castle"
11,6620003;45,1028998;"Castle Torre Morosini"
18,4271071;40,0054673;"Castle Castello Aragonese"
13,0564193;43,6977659;"Castle Castello Barberini"
9,6114569;40,3836473;"Castle Castello Guzzetti o di Malicas "
15,2273488;37,8283351;"Castle Castello di Calatabiano"
15,8432607;39,7552947;"Castle Castello di S, Michele"
10,5429242;46,6894098;"Castle Fröhlichsburg"
13,4478209;38,0359448;"Castle"
11,9645459;45,4422839;"Castle Castello dei Da Peraga"
13,0189367;46,4052747;"Castle"
13,9375707;37,9262707;"Castle"
8,1440607;44,4917213;"Castle Castello di Prunetto"
15,8103063;40,6402632;"Castle Torre Guevara"
13,8894985;45,6105502;"Castle Vikumberg"
12,113773;46,7597384;"Castle Castello Monguelfo - Schloss Welsberg"
12,2245183;46,7359121;"Castle Herbstenburg"
8,1447019;45,213657;"Castle Castello di San Genuario"
14,5763158;37,1272439;"Castle Masseria Silvestri"
12,1072874;43,9938102;"Castle Torre"
9,0544525;44,8964166;"Castle Castello Malaspina"
12,495792;43,7809084;"Castle"
8,3133053;45,5355752;"Castle Castello di Rovasenda"
10,3857341;45,7009366;"Castle"
12,3679858;43,9704425;"Castle Montebello"
11,7679191;43,7231645;"Castle"
10,5638545;45,3717224;"Castle Rocca di Solferino"
13,4182815;37,5787601;"Castle Castello della Pietra d'Amico"
11,26332;44,735113;"Castle Castello della Giovannina"
15,2042492;37,2360372;"Castle Forti Garçia e Vittoria"
15,2207197;37,2345922;"Castle Castello Svevo"
15,2200212;37,2357817;"Castle Porta Spagnola"
13,5102755;42,0989309;"Castle"
7,8284368;45,562064;"Castle Castello di Castruzzone"
12,8004433;37,818222;"Castle"
14,0049509;37,9457049;"Castle"
7,9955143;45,3301983;"Castle Castello di Moncrivello"
13,811594;42,9444147;"Castle Fortezza medioevale"
12,3586372;43,310655;"Castle Castello di Civitella Ranieri"
7,5946346;44,8044615;"Castle Castello di Polonghera"
15,0259441;40,6112871;"Castle Il Castelluccio"
10,067484;44,0661889;"Castle Palazzetti"
17,937222;40,64023;"Castle Castello Svevo"
15,8498362;40,4764464;"Castle Castello Carafa-Ruffo"
12,9667611;37,9795217;"Castle"
17,0458471;39,2658741;"Castle"
17,064468;39,380582;"Castle Castello Carafa"
13,666847;42,0280402;"Castle"
8,5215352;45,1916044;"Castle Castello dei Conti della Motta"
10,7851384;43,140445;"Castle Castiglion Bernardi"
10,8703224;43,1986418;"Castle Castello Volterrano"
10,8154425;43,1828034;"Castle Torre del Castello di Cornia"
10,2563235;46,2458924;"Castle"
10,2340737;45,9972941;"Castle Castello di Lozio"
11,1961309;43,0043759;"Castle Castel Litiano"
11,1757875;42,9964486;"Castle Castello di Fornoli"
7,3933885;45,0810865;"Castle Castello di Avigliana"
14,468722;40,8449296;"Castle Castello mediceo"
13,2365121;43,2795778;"Castle Castello di Pitino"
8,4202128;44,5922836;"Castle"
8,9590366;39,8906248;"Castle Castel Medusa"
10,0780563;44,0796426;"Castle Castello di Moneta"
8,5242034;45,3568869;"Castle Castello di Casalino"
15,0780513;40,7207485;"Castle Castello di Acerno"
11,6504006;43,6193214;"Castle castello della trappola"
12,9777083;42,0309053;"Castle Torre"
9,4873313;40,876493;"Castle Castel Pedreso"
9,9243687;44,7300133;"Castle"
10,8023826;43,083003;"Castle Castello di Tricase"
13,2663093;42,2069695;"Castle"
9,192382;41,2455609;"Castle Torre Aragonese"
13,2427039;42,1944271;"Castle"
9,372793;46,2728982;"Castle Torre di Signame"
9,8461999;45,6931312;"Castle Castello Suardi"
8,9915492;44,457746;"Castle Castelluzzo"
11,4366251;43,1327908;"Castle Castelnuovo Tancredi"
12,5566582;42,9097045;"Castle Rocca di Gualdo Cattaneo"
14,1349126;41,3343533;"Castle"
10,2983034;45,9554957;"Castle"
12,4937611;43,6094708;"Castle Castello dei Pecorari"
8,2960596;46,0080143;"Castle Castello Visconteo"
7,7727133;45,4197263;"Castle Castello di Strambinello"
7,7969473;45,4356687;"Castle Castello Rosso"
10,6040672;44,6048138;"Castle Castello di Montericco"
7,7863315;44,9587072;"Castle Castello dei Mosetti"
7,797308;44,9670374;"Castle Castello dei Mosi"
7,7990255;44,9456746;"Castle Castello di San Salvà"
7,7780649;45,4315981;"Castle Ex Castellazzo"
8,2806145;45,7843948;"Castle Castello d'Arian"
16,9739611;40,613495;"Castle castello Caracciolo"
7,7958368;45,3376617;"Castle Castello di San Giorgio"
12,7597725;42,8430922;"Castle Castello di Pissignano"
14,8838586;41,0441293;"Castle Torre Aragonese"
12,5624053;46,0488371;"Castle Castello medioevale di Aviano"
11,2867622;44,7246047;"Castle La Rocca"
8,4198138;45,2130896;"Castle Castello di Rive"
7,0342972;45,1660255;"Castle Forte Pampalù"
9,8676446;44,8505888;"Castle Rocca Viscontea"
15,8238498;39,9293254;"Castle Palazzo marchionale Martirano-Spinelli XVI secolo"