13.5194586,43.6178817,"Hospital Ospedale Umberto I"
12.1234628,42.3942774,"Hospital Bel Colle"
7.7060427,45.0696144,"Hospital Gradenigo"
11.7048449,44.3550335,"Hospital Polo Territoriale Città di Imola (Ospedale Vecchio)"
12.1728644,42.2590382,"Hospital Villa Paola"
12.5403769,41.9216283,"Hospital Pronto Soccorso"
7.6932943,45.0751952,"Hospital Maria Adelaide"
10.5175368,43.8506532,"Hospital Presidio Osepdaliero Piana di Lucca"
12.1415678,41.9199926,"Hospital Ospedale Pediatrico Bambin Gesu"
12.2122795,42.2925317,"Hospital Ospedale di Ronciglione"
10.2239337,43.9143154,"Hospital Ospedale Versilia"
11.5467193,45.5556651,"Hospital ingresso Palazzina Uffici dell'Ospedale"
12.4878817,41.923775,"Hospital Clinica Mater Dei"
12.523244,41.9162389,"Hospital Policlinico Italia"
9.1931195,45.4549252,"Hospital Ospedale Gaetano Pini"
12.5173383,41.9154781,"Hospital Clinica Privata"
12.418452,41.8282625,"Hospital Ospedale San Giovanni Battista"
12.67488,41.7004242,"Hospital Istituto S.Giovanni Di Dio Fate Bene Fratelli"
11.1485238,43.4515356,"Hospital Ospedale dell'Alta Val d'Elsa"
9.1936509,45.4543945,"Hospital"
12.1904032,44.4106342,"Hospital Ospedale Santa Maria delle Croci"
8.9100706,45.1244317,"Hospital"
16.3037045,41.2295876,"Hospital Lorenzo Bonomo"
9.1715163,45.4630951,"Hospital Ospedale San Giuseppe"
9.1231233,45.5191513,"Hospital Ospedale Luigi Sacco"
11.5245775,45.5360265,"Hospital Guardia Medica - Servizio di continuità assistenziale"
9.1673344,45.4998068,"Hospital Poliambulatorio Cesare Pozzo"
9.2274814,46.018339,"Hospital Ospedale "Sant'Anna" di Menaggio"
9.1557776,45.472802,"Hospital Clinica Columbus"
14.1531745,42.3659729,"Hospital Ospedale Clinicizzato Ss. Annunziata"
9.6804623,45.3540344,"Hospital Ospedale Maggiore di Crema"
10.9183678,43.9369334,"Hospital"
15.9188158,41.2721098,"Hospital Tatarella"
12.0331217,44.2179693,"Hospital Casa di Cura "Villa Serena""
12.0582783,44.2171813,"Hospital Casa di Cura "Villa Igea""
12.1224369,44.7757063,"Hospital Ospedale del Delta"
11.9211047,44.4165789,"Hospital Ospedale Umberto I"
12.4562978,41.8747002,"Hospital Clinica Città di Roma"
12.0188659,44.2071121,"Hospital Pronto Soccorso"
11.7450068,45.748076,"Hospital Ospedale San Bassiano"
9.2996831,46.1423886,"Hospital"
13.3536139,42.3668123,"Hospital San Salvatore"
14.5161653,37.2229378,"Hospital Gravina"
13.9190537,42.4503197,"Hospital"
10.4498481,44.7064552,"Hospital Ospedale Ercole Franchini"
16.5344082,41.1311841,"Hospital Pronto Soccorso"
10.809961,46.3014623,"Hospital"
11.492417,45.6140148,"Hospital Centro Diagnostico Veneto"
16.0724807,41.2254266,"Hospital Ospedale Civile di Canosa di Puglia"
11.3392113,44.4810068,"Hospital Casa di cura Villa Bellombra"
15.5243928,41.4557338,"Hospital"
15.5454797,41.4535565,"Hospital Clinica Colonnello D'Avanzo"
11.3432306,46.4283663,"Hospital"
13.6932443,43.3694844,"Hospital Santo Stefano"
12.4284693,41.835707,"Hospital Ospedale Israelitico"
9.5755584,45.6982567,"Hospital Policlinico San Pietro"
8.4346677,44.3449418,"Hospital RSA del Santuario"
7.7315583,45.8398251,"Hospital Centro Traumatologico"
11.4772102,43.6143726,"Hospital"
16.4296805,41.2674854,"Hospital San Nicola Pellegrino"
17.9146478,40.6246872,"Hospital Presidio Ospedaliero "A. Perrino""
15.8083678,40.9596147,"Hospital"
12.4721746,41.8215457,"Hospital Ospedale Sant'Eugenio"
10.1777927,44.8804538,"Hospital Centro Cardinal Ferrari"
11.1949353,44.632486,"Hospital Ospedale Santissimo Salvatore"
14.1990094,42.4622155,"Hospital Casa di Cura Privata "Pierangeli""
16.3046502,41.236186,"Hospital Guardia Medica"
10.319724,42.8158783,"Hospital"
9.2610998,45.9881877,"Hospital"
12.4208258,41.8503399,"Hospital Villa Sandra"
15.3309558,41.5132047,"Hospital"
9.06106,45.8234998,"Hospital Villa Aprica"
13.686292,45.751337,"Hospital Sanatorio"
12.3983943,41.8870757,"Hospital Aurelia Hospital"
14.2317081,40.848941,"Hospital Santobono"
14.9431069,37.6353952,"Hospital"
8.7568314,45.2500577,"Hospital"
11.3429924,44.5220547,"Hospital Villa Erbosa"
10.3071753,44.8025499,"Hospital Ospedale Maggiore"
8.0302185,43.8915848,"Hospital"
10.0410823,44.8479986,"Hospital Ospedale di Vaio"
11.4703863,45.7111008,"Hospital Ospedale di Thiene"
16.2451443,38.2355114,"Hospital Ospedale di Locri"
15.1941453,40.424833,"Hospital Ospedale di Roccadaspide"
8.9140488,45.3949246,"Hospital Ospedale Costantino Cantu`"
11.3998688,44.7013647,"Hospital Polo Sanitario "Anacleto Bonora""
14.8710676,37.6463362,"Hospital"
10.3925251,42.766167,"Hospital Guardia Medica - Medical Assistance"
10.1965584,42.8065839,"Hospital Guardia Medica - Medical Assistance"
10.8716559,43.4013956,"Hospital"
14.8361235,37.6627993,"Hospital"
11.3346146,44.498098,"Hospital Ospedale Militare"
11.2202728,46.0746602,"Hospital Villa Rosa"
12.9416214,43.5000404,"Hospital"
9.1029491,40.8972602,"Hospital Ospedale Paolo Dettori"
12.4205738,42.2902746,"Hospital Ospedale Andosilla di Civita Castellana"
10.5653574,43.1705626,"Hospital"
11.0851501,45.4164595,"Hospital"
7.7084619,45.3813836,"Hospital Ospedale Civile di Castellamonte"
13.5079439,43.2476802,"Hospital Ospedale"
13.532433,43.6167631,"Hospital Ospedale Pediatrico "G. Salesi""
11.3487366,44.4808496,"Hospital Villa Regina"
12.2045274,44.4245769,"Hospital Casa di cura San Francesco"
14.3016159,37.5538206,"Hospital Umberto 1°"
11.185848,43.7524277,"Hospital Humanitas"
11.3746642,43.9585304,"Hospital Pronto soccorso"
15.6755866,40.9301221,"Hospital"
16.1620513,41.8767423,"Hospital"
14.0214451,40.7604389,"Hospital Ospedale Civile Albano Francescano"
9.096663,45.5816535,"Hospital Ospedale S. Corona Garbagnate - Salvini"
9.0791263,45.5848587,"Hospital Casa Riposo S. Pertini"
9.1671338,45.4858497,"Hospital Ospedal Buzzi"
15.1921281,40.4256661,"Hospital Distretto ASL SA3 di Roccadaspide"
11.8741958,44.288232,"Hospital Pronto Soccorso"
11.3041043,46.0095327,"Hospital Poliambulatorio di Levico Terme"
15.7071025,41.7085044,"Hospital Casa Sollievo della Sofferenza"
9.5112849,45.3141532,"Hospital Ospedale Maggiore"
17.2253764,40.9932633,"Hospital Punto di primo intervento"
12.1838618,44.4191658,"Hospital Casa di Cura Domus Nova"
12.4272827,45.6561838,"Hospital Casa di Cura Giovanni XXIII"
17.3436249,40.7058443,"Hospital Civile di Martina Franca"
13.6227292,42.8514698,"Hospital Casa di Cura San Giuseppe"
16.487242,41.1201512,"Hospital"
9.2852387,45.0320789,"Hospital Istituto per la Riabilitazione Maugeri"
8.8064315,45.9346322,"Hospital Le Terrazze"
8.6994053,44.5358519,"Hospital Opera Pia San Michele Arcangelo"
11.9016441,43.9429048,"Hospital"
12.4040305,44.0928196,"Hospital"
16.8431139,41.1362618,"Hospital ex C.T.O"
15.5238564,41.4578485,"Hospital"
7.8231999,45.0111603,"Hospital"
13.3368888,45.9083742,"Hospital Ospedale Civile di Palmanova"
9.2395677,45.6762949,"Hospital"
10.1574467,45.1062061,"Hospital Clinica Sospiro"
7.6902045,45.0018396,"Hospital Ospedale Santa Croce"
11.9080314,46.0231374,"Hospital Ospedale Civile"
9.2377188,45.6207777,"Hospital Ospedale di Lissone"
13.5881776,42.8492514,"Hospital Casa di Cura Villa San Marco"
9.1674404,45.1923356,"Hospital Clinica Città di Pavia"
11.0107506,44.4828858,"Hospital"
16.0763594,41.0922843,"Hospital Ospedale Civile"
10.7102933,45.5748583,"Hospital White Cross ambulance"
13.6927564,42.9362923,"Hospital Poliambulatorio di Offida (ex Ospedale Civile "Loris Annibaldi")"
16.0841554,40.973668,"Hospital"
9.9957553,45.1877943,"Hospital Opera Pia Redentore"
12.4573888,41.8663812,"Hospital I.N.M.I. L. Spallanzani"
12.4560799,41.8689538,"Hospital San Camillo"
9.1503742,45.1893172,"Hospital Istituto di Medicina del Lavoro"
14.4262087,40.6608317,"Hospital Ospedale De Luca e Rossano"
11.3248823,44.2670968,"Hospital Ospedale di Loiano"
15.161825,40.9311194,"Hospital Ospedale G. Criscuoli"
12.1534255,43.5712481,"Hospital"
12.2532186,43.4742692,"Hospital Ospedale di Città di Castello"
11.2483332,43.8012749,"Hospital CTO"
14.236894,40.549795,"Hospital Ospedale G. Capilupi Capri"
12.1278935,44.1894694,"Hospital"
11.5542071,43.5463208,"Hospital La Gruccia"
13.6887546,43.2342658,"Hospital"
12.3298203,43.3094252,"Hospital"
8.8224634,45.5098702,"Hospital"
12.8026335,41.9601201,"Hospital San Giovanni Evangelista"
11.1252189,42.7772204,"Hospital Ospedale della misericordia"
14.9572284,38.4159251,"Hospital Ambulance"
11.7873609,45.6475155,"Hospital"
12.7624968,42.0688096,"Hospital San Salvatore"
12.4486445,41.8023637,"Hospital I.F.O. Istituto Regina Elena e Istituto San Gallicano"
15.9699458,41.7055843,"Hospital"
11.1097291,44.2816357,"Hospital Ospedale di Vergato"
10.520838,45.4710203,"Hospital Azienda Ospedaliera di Desenzano del Garda"
14.7655685,36.8395584,"Hospital Ospedale Maggiore"
10.7174283,45.5807655,"Hospital"
10.726559,45.5503181,"Hospital Medical Clinic"
12.6786348,41.7041904,"Hospital Ospedale de Santis"
11.634473,44.3483106,"Hospital Montecatone Rehabilitation Institute"
10.7198629,45.5533597,"Hospital Distretto Sanitario"
15.5281264,41.4695046,"Hospital Casa Divina Provvidenza "Don Uva""
12.9209517,41.775094,"Hospital Croce Rossa"
13.3156799,43.5979323,"Hospital Ospedale M. Montessori"
8.491168,44.3193674,"Hospital Emergency Room"
10.0753892,45.8191972,"Hospital"
7.6391411,44.9529839,"Hospital Croce Verde"
8.6680971,45.8937839,"Hospital Ospedale di Cittiglio"
11.437851,45.8806757,"Hospital Istituto Ortopedico Elioterapico"
9.5162469,45.5227481,"Hospital"
12.2863221,45.8955334,"Hospital La Nostra Famiglia"
12.3274805,45.3557088,"Hospital Istituto Carlo Steeb"
12.6756106,41.7234826,"Hospital Luigi Spolverini"
9.2128389,45.6456687,"Hospital Centro Psico - Sociale Seregno"
11.4531429,43.7857578,"Hospital Casa di Cura Valdisieve"
12.1727932,42.0962477,"Hospital Ospedale Pubblico Padre Pio"
12.6872607,42.958701,"Hospital Nuovo Ospedale San Giovanni Battista"
13.8274298,42.1763518,"Hospital"
8.9866706,44.9118616,"Hospital centro paolo VI"
9.4404728,45.055805,"Hospital Ospedale civile"
12.6309392,41.8575793,"Hospital Policlinico Tor Vergata"
9.8854841,44.3852917,"Hospital"
8.7928766,44.7587897,"Hospital"
11.2489725,43.8067457,"Hospital Centro Sangue"
14.2714487,40.94798,"Hospital Ospedale di Frattamaggiore San Giovanni di Dio"
7.8947829,45.191878,"Hospital"
18.0345763,40.1721509,"Hospital Ospedale Civile Giuseppe Sambiasi"
10.8723624,44.6045965,"Hospital Ospedale sant'Agostino-Estense"
12.6906843,41.7139328,"Hospital"
11.860234,45.410084,"Hospital Villa Maria"
7.723091,44.5477881,"Hospital Ospedale Maggiore"
7.3563635,45.0419307,"Hospital Ospedale Civile di Giaveno"
11.148008,46.6851818,"Hospital Privatklinik Martinsbrunn"
12.7170153,41.7123558,"Hospital Villa delle Querce"
12.1901675,44.695862,"Hospital Ospedale San Camillo"
11.464495,43.6124127,"Hospital Frate Sole"
11.3170544,43.5868969,"Hospital Opsedale Rosa Libri"
14.9727737,40.615097,"Hospital Santa Maria della Speranza"
15.2364827,40.6909374,"Hospital San Francesco D'Assisi"
14.9923189,40.6056939,"Hospital Clinica Salus"
14.9216431,40.5241118,"Hospital Campolongo Hospital"
16.8627153,41.1084551,"Hospital Clinica Santa Maria"
9.0418137,45.9926522,"Hospital COF Lanzo"
12.2230411,45.5135949,"Hospital Ospedale dell'Angelo"
12.1694819,45.4500043,"Hospital Consultorio USL 13"
12.0769134,44.2409731,"Hospital Ospedale Privato "Primus", gruppo Villa Maria"
8.9698251,44.4080443,"Hospital Pronto Soccorso Ostetrico"
8.3110707,40.5800303,"Hospital Ospedale Marino Regina Margherita"
8.3193793,40.5796421,"Hospital Ospedale Civile di Alghero"
11.8298134,44.3891448,"Hospital Poliambulatorio"
8.3550006,44.772987,"Hospital Ospedale Santo Spirito"
14.2192084,40.868759,"Hospital AOU Federico II"
12.4597917,41.8702421,"Hospital ARES118"
9.683082,45.0550583,"Hospital"
9.6803852,45.0552468,"Hospital"
15.1071161,37.6925516,"Hospital Guardia medica"
13.0521797,41.2519733,"Hospital Istituto Fisioterapico di Riabilitazione Carla Franceschini"
15.3866208,41.6905298,"Hospital Ospedale Teresa Masselli Mascia"
15.3831876,41.6896485,"Hospital Ospedale Teresa Masselli Mascia"
15.0648021,37.6132458,"Hospital AUSL3 Azienda Unità Sanitaria Locale"
15.3374535,41.9079112,"Hospital Pronto Soccorso Estivo"
11.9286185,45.5645364,"Hospital Ospedale di Camposampiero"
9.5445338,46.3368993,"Hospital"
10.0887647,44.4741551,"Hospital"
13.4543783,43.6031353,"Hospital Ospedale Cardiologico "Giovanni Maria Lancisi""
11.2528887,43.7797547,"Hospital Ospedale Santa Chiara"
10.2926132,43.6076827,"Hospital IRCCS Stella Maris"
7.7037961,45.1418643,"Hospital CRI"
16.8855399,41.0979428,"Hospital Mater Dei"
15.64102,40.9968032,"Hospital"
7.7331341,45.758215,"Hospital Guardia Medica ASL"
9.1166253,45.6049309,"Hospital Villa Bianca - Multimedica"
8.4118021,45.8729382,"Hospital Ospedale Madonna del Popolo"
8.6196873,45.4422734,"Hospital Ospedale Maggiore Della Carita'"
9.4030411,44.9459848,"Hospital Pia Casa Castagnetti"
13.4874058,43.4852721,"Hospital"
12.2355855,45.5917469,"Hospital Park Villa Napoleon - casa di cura neuropsichiatrica"
10.9818644,45.4530458,"Hospital Pronto soccorso"
18.0151121,40.0564461,"Hospital Ospedale "Sacro Cuore""
16.0060957,38.3530828,"Hospital Ospedale di Taurianova"
17.2769765,40.5390474,"Hospital Ospedale G. Moscati"
17.2478859,40.473025,"Hospital Ospedale Militare Marittimo"
8.6925088,46.059841,"Hospital"
11.8374924,45.828192,"Hospital SUEM 118  GUARDIA MEDICA"
13.9326553,42.038444,"Hospital Ospedale Civile "SS. Annunziata""
7.6721978,44.3262741,"Hospital Residenza per anziani "La Meridiana""
11.8203519,43.6991966,"Hospital Ospedale del Casentino"
16.2490369,39.2930342,"Hospital Pronto Soccorso"
16.7642512,41.1344701,"Hospital Ambulatorio Primo Soccorso - First Aid - Croce Rossa Italiana"
13.5520569,43.4021716,"Hospital Casa di riposo IRCER"
11.3925217,45.3854931,"Hospital ospedale civile"
13.7277213,45.5815953,"Hospital Ortopedska bolnišnica Valdoltra"
14.2242157,42.4569368,"Hospital"
7.5211583,44.390334,"Hospital Carle"
8.9671273,44.4034883,"Hospital Hospice Gigi Ghirotti"
16.8410083,41.1362237,"Hospital Ambulatorio medico - Croce Rossa Italiana"
12.8039235,43.6859262,"Hospital Ospedale Civile Fossombrone"
15.0269471,40.8402059,"Hospital Misericordia Montella"
9.370279,46.1362804,"Hospital Red Cross - Croce Rossa"
16.9265578,41.0668511,"Hospital Ospedale "Francesca Fallacara""
16.9256694,41.0676448,"Hospital Ospedale "Francesca Fallacara" Padiglione Nord"
7.4979258,44.3330722,"Hospital ASL Cuneo n.1"
7.3972604,44.23857,"Hospital Centro Socio Assistenziale San Michele"
7.4726333,44.5144489,"Hospital Azienda Sanitaria Locale cn1"
7.7619399,44.3446905,"Hospital Azienda Sanitaria locale cn1"
7.6225698,44.3306715,"Hospital Azienda Sanitaria Locale cn1 Prenotazioni"
7.6225068,44.3308616,"Hospital Croce Rossa Italiana Delegazione di Peveragno"
7.5483669,44.3296001,"Hospital Azienda Sanitaria Locale cn1 Centralino"
7.6794273,44.3212575,"Hospital Azienda Sanitaria Locale cn1"
9.7650202,44.4913538,"Hospital"
10.1691013,46.2183835,"Hospital Struttura sanitaria di Tirano - Poliambulatori"
14.4705152,40.848373,"Hospital Casa di cura Trusso"
9.5915541,45.6040418,"Hospital Policlinico San Matteo"
12.1735663,45.9002299,"Hospital Farmacia Schiratti di Schiratti Samuele"
13.2224861,46.0350256,"Hospital Dipartimento di Salute Mentale A.S.S. 4"
14.4998189,40.8329738,"Hospital Clinica Santa Lucia"
11.6965228,44.7996935,"Hospital Arcispedale Sant'Anna"
13.0625092,41.5001087,"Hospital"
9.9495694,44.121404,"Hospital"
7.4941176,44.6424826,"Hospital Ospedale Civile di Saluzzo"
10.4119492,45.2238575,"Hospital"
14.5332206,41.2210555,"Hospital Fondazione Salvatore Maugeri"
13.7630526,45.6450723,"Hospital Casa di cura "Salus""
12.9933925,45.7635231,"Hospital Azienda ULSS 10"
13.0416996,45.8731437,"Hospital"
12.3809919,43.1129334,"Hospital Clinica Liotti"
10.9923545,45.4028974,"Hospital Pronto Soccorso"
11.3511819,45.8041225,"Hospital Guardia Medica"
14.1166386,41.7760323,"Hospital Presidio Ospedaliero"
12.9605762,37.9822826,"Hospital Ospedale "San Vito e Santo Spirito""
14.091151,37.8187169,"Hospital Ospedale "Madonna dell'Alto""
7.5207276,44.2879456,"Hospital Istituto Climatico"
11.2757858,45.3137438,"Hospital Usll20"
8.5073994,39.1859212,"Hospital Ospedale Sirai"
11.8299832,44.4437596,"Hospital"
9.1232687,45.4601523,"Hospital Ospedale Militare"
9.1211712,45.4587337,"Hospital CDI"
10.9449218,44.6350006,"Hospital Pronto Soccorso"
11.7911498,45.3880317,"Hospital Ulss di Selvazzano"
11.3422736,44.5019506,"Hospital CUP Metropolitano"
10.3414108,43.8671921,"Hospital Misericordia"
7.558845,45.0292009,"Hospital Ospedale S. Luigi"
10.8610905,43.6809555,"Hospital"
11.7376824,45.7577966,"Hospital Vecchio Ospedale Psichiatrico"
14.1999184,40.8153,"Hospital Fatebenefratelli"
12.3553007,43.0793369,"Hospital Santa Maria della Misericordia"
14.2296985,37.0731076,"Hospital"
7.1825635,44.9564888,"Hospital Ospedale di Pomaretto"
17.1134307,39.0842738,"Hospital ASL"
10.9192429,44.6311976,"Hospital Villa Rosa"
11.3560954,46.6422599,"Hospital Spital Sarnthein"
11.4594703,45.2369578,"Hospital Ospedale di Montagnana"
8.7311335,45.091515,"Hospital Ospedale San Martino"
11.9233605,43.2787239,"Hospital Ospedale della Valdichiana "Santa Margherita""
12.6639206,41.7309317,"Hospital Ospedale Regina Apostolorum"
12.6640601,41.7248103,"Hospital"
13.0566341,43.6028436,"Hospital"
13.8715157,42.0958986,"Hospital Croce Verde"
9.1910494,44.8253264,"Hospital Ospedale Civile di Varzi"
13.2228652,43.1416218,"Hospital"
9.141984,45.204487,"Hospital Fondazione Salvatore Maugeri"
11.5923048,44.3990412,"Hospital Ospedale di Castel San Pietro Terme"
11.3415937,44.4808846,"Hospital Istituto Ortopedico Rizzoli"
11.5085877,44.5340915,"Hospital Centro Protesi INAIL"
9.3337591,45.5273425,"Hospital Casa di Cura Anziani"
15.5967592,38.2638655,"Hospital Ospedale Papardo"
11.4151094,45.7275754,"Hospital Nuovo Ospedale Santorso"
11.2861573,44.4825779,"Hospital Villa Chiara"
11.4150959,44.633279,"Hospital Ospedale di Bentivoglio"
8.9751824,44.408726,"Hospital Pronto Soccorso"
11.4361615,44.741964,"Hospital"
11.4352066,44.7407714,"Hospital"
11.8717135,45.2343087,"Hospital Ospedale di Conselve"
12.3270041,43.3096016,"Hospital Ospedale Civile di Umbertide"
14.3778353,37.3980058,"Hospital Ospedale Michele Chiello"
15.5399096,38.1667065,"Hospital Casa di Cura Villa Igea"
16.4533866,38.4746747,"Hospital Guardia Medica"
11.6647971,44.6208167,"Hospital"
10.7017319,43.5404122,"Hospital ASL 5 Unità Cure Primarie"
9.7206403,45.707165,"Hospital Casa Di Riposo Caprotti Zavaritt"
15.5493964,38.1995864,"Hospital Villa Salus"
9.6707534,45.5822743,"Hospital"
9.6667086,45.5815309,"Hospital Ospizio"
15.2355838,37.2453108,"Hospital Muscatello"
12.5631661,41.8823781,"Hospital"
12.5138387,41.9302157,"Hospital Clinica Sanatrix"
15.4056887,40.0948555,"Hospital Guardia Medica"
11.4671395,45.0296582,"Hospital Ospedale San Luca"
12.1947926,43.956301,"Hospital Ospedale Capelli"
11.8258823,43.1189974,"Hospital Ospedali Riuniti Valdichiana Senese"
11.9565868,44.468227,"Hospital Presidio Ospedaliero"
15.8653719,38.3978575,"Hospital Guardia Medica"
9.8439926,44.132265,"Hospital Felettino"
11.8654639,42.7458856,"Hospital Ospedale"
8.3070341,44.406611,"Hospital Praellera comunita psichiatrica"
9.2388512,46.0251392,"Hospital ASL Menaggio"
9.0325477,44.384506,"Hospital Pubblica Assistenza Nerviese"
10.1372051,44.7590469,"Hospital Croce rossa di Medesano"
8.9883286,44.3916834,"Hospital Istituto Giannina Gaslini"
8.9868963,44.3928986,"Hospital Isituto Giannina Gaslini - Surgery"
11.3057879,43.7314569,"Hospital Ospedale S. Maria Annunziata"
10.5108589,42.9397499,"Hospital Villa Marina"
13.9530254,41.0177389,"Hospital Clinica Pineta Grande"
7.7735943,45.6033874,"Hospital Poliambulatorio di Donnas"
11.0646339,44.8833826,"Hospital Santa Maria Bianca"
7.8006356,44.390709,"Hospital Nuovo Ospedale A.S.L. 16"
10.923858,44.6261042,"Hospital Hesperia Hospital"
13.7162107,37.7823009,"Hospital"
12.9565573,40.9095105,"Hospital"
10.4297048,43.6969536,"Hospital Centro Medico"
10.5072564,43.8526783,"Hospital Fisioterapia"
7.4243956,44.4151983,"Hospital Ospedale di Caraglio ASL CN1"
10.8395979,45.3479677,"Hospital Ospedale Marcello Magalini"
10.4820691,43.6875522,"Hospital Studi Medici Associati"
17.9223844,40.4484835,"Hospital"
12.3843922,42.4604088,"Hospital Ospedale di Orte"
14.1714316,37.5880836,"Hospital Spitaletto"
10.4265373,45.3658726,"Hospital Casa Di Riposo S.Maria Castello"
7.737931,45.755019,"Hospital Casa Di Cura Per La Salute Della Mente"
13.2364482,46.0503161,"Hospital Istituto di Medicina Fisica e Riabilitazione Gervasutta"
12.6153816,46.005303,"Hospital RSA"
8.6219094,44.9171261,"Hospital Pronto Socorso"
13.0084794,43.2456329,"Hospital"
16.148973,40.6180977,"Hospital"
10.3751525,43.7243896,"Hospital Casa di Cura San Rossore"
7.5216989,45.0591911,"Hospital Ospedale Civile di Rivoli"
11.2598614,43.7732624,"Hospital S. Maria Nova"
12.8968298,43.89397,"Hospital ASUR"
13.606064,45.8902441,"Hospital Zdravstveni dom miren"
13.1556685,43.0362778,"Hospital"
16.6978337,39.2508771,"Hospital Pronto soccorso"
10.4400998,45.5890775,"Hospital Ospedale di Gavardo"
13.5561048,43.4671201,"Hospital"
8.7455989,45.9962908,"Hospital Ospedale Luini Confalonieri"
7.8586648,44.6968374,"Hospital Casa di cura privata Città di BRA"
13.510396,38.0846557,"Hospital poliambulatorio USL"
8.6122515,44.9125901,"Hospital SALUS"
9.0303487,45.6307853,"Hospital Meditel clinica ambulatorio"
9.0145293,45.3087537,"Hospital"
13.0060085,46.405767,"Hospital Sant’Antonio Abate"
7.6597475,45.0890004,"Hospital Ospedale Amedeo di Savoia"
10.6616526,43.8478754,"Hospital Misericordia di Montecarlo"
13.3254838,41.6384914,"Hospital"
12.5578965,41.9461639,"Hospital Villa Tiberia"
10.4188776,43.7169905,"Hospital ASL 5"
14.7096578,42.117926,"Hospital San Pio"
10.1042245,44.6941606,"Hospital"
12.591387,44.0592602,"Hospital Ospedale dei villeggianti"
9.7511046,45.5197849,"Hospital Ospedale di Romano"
11.3923958,43.7909676,"Hospital Dentist"
11.3981224,43.7867814,"Hospital Dentist"
10.4084992,44.4343463,"Hospital Ospedale S. Anna"
14.9176513,37.4096759,"Hospital Flight Line Clinic"
14.961779,37.4589938,"Hospital NAS Sigonella Hospital"
12.5596843,37.9850619,"Hospital"
10.8901768,43.0427396,"Hospital"
11.6737226,42.8821069,"Hospital"
9.0169345,44.9954106,"Hospital Ospedale Civile di Voghera - Accesso Pronto Soccorso"
12.6213515,42.0504579,"Hospital Gonfalone"
15.8258686,40.3612946,"Hospital"
10.6616713,45.6881262,"Hospital Guardia Medica"
10.3181159,43.8982659,"Hospital Misericordia di Stiava"
14.8986702,37.5720295,"Hospital S.S. Salvatore"
11.1487914,44.7209569,"Hospital"
11.1505916,44.7213623,"Hospital"
13.5135613,38.0848543,"Hospital USL medicina di base"
13.5134352,38.0848415,"Hospital USL servizio veterinario"
8.6224712,45.4440689,"Hospital Farmacia dell'Ospedale"
16.8291751,39.4123899,"Hospital"
10.6005673,43.7749317,"Hospital"
8.578457,45.775573,"Hospital Ospedale Carlo Ondoli"
11.8977238,44.8142688,"Hospital"
12.5733505,45.6341065,"Hospital"
14.6123181,40.6383874,"Hospital Amalfi Coast Hospital"
10.039385,45.1375778,"Hospital Casa di cura San Camillo"
10.0127963,45.1450603,"Hospital Casa di cura Figlie di San Camillo"
11.9273227,45.6743871,"Hospital Sanitaria"
17.7098434,40.5502857,"Hospital guardia medica"
9.1543554,45.4849927,"Hospital S. Ambrogio"
9.1543178,45.4855681,"Hospital S. Ambrogio-Prontosoccorso"
11.59984,44.8188225,"Hospital Guardia Medica - Servizi socio sanitari"
14.2528536,37.0626683,"Hospital Centro Radioterapia"
17.5179631,40.6441247,"Hospital Ospedale"
16.8687365,41.1200707,"Hospital First Aid - university"
11.759316,42.2500322,"Hospital Ospedale"
9.7181638,45.6831282,"Hospital"
16.8217375,40.7423361,"Hospital Centro Nazionale Riabilitativo per Hanseniani"
16.7818801,41.1190398,"Hospital Ospadale San Paolo"
12.8615209,35.8586548,"Hospital Servizio continuita' assistenziale (ex Guardia Medica)"
13.9265338,37.1071642,"Hospital Servizio continuita' assistenziale (ex Guardia Medica)"
13.9803119,37.1114758,"Hospital Servizio continuita' assistenziale (ex Guardia Medica)"
13.7174272,37.1723057,"Hospital Servizio continuita' assistenziale (ex Guardia Medica)"
13.7733634,37.1870128,"Hospital Servizio continuita' assistenziale (ex Guardia Medica)"
13.9147367,37.2511372,"Hospital Servizio continuita' assistenziale (ex Guardia Medica)"
13.7927189,37.2540022,"Hospital Servizio continuita' assistenziale (ex Guardia Medica)"
13.9662311,37.2673309,"Hospital Servizio continuita' assistenziale (ex Guardia Medica)"
13.5934218,37.2689197,"Hospital Servizio continuita' assistenziale (ex Guardia Medica)"
13.5287427,37.2884258,"Hospital Servizio continuita' assistenziale (ex Guardia Medica)"
13.79851,37.2890089,"Hospital Servizio continuita' assistenziale (ex Guardia Medica)"
13.4945932,37.2897575,"Hospital Servizio continuita' assistenziale (ex Guardia Medica)"
13.4561282,37.2968468,"Hospital Servizio continuita' assistenziale (ex Guardia Medica)"
13.4627172,37.3062667,"Hospital Servizio continuita' assistenziale (ex Guardia Medica)"
13.6536475,37.3134043,"Hospital Servizio continuita' assistenziale (ex Guardia Medica)"
13.4266387,37.3368227,"Hospital Servizio continuita' assistenziale (ex Guardia Medica)"
13.7500024,37.3482971,"Hospital Servizio continuita' assistenziale (ex Guardia Medica)"
13.5170852,37.3536074,"Hospital Servizio continuita' assistenziale (ex Guardia Medica)"
13.8531048,37.359671,"Hospital Servizio continuita' assistenziale (ex Guardia Medica)"
13.5525482,37.3870937,"Hospital Servizio continuita' assistenziale (ex Guardia Medica)"
13.2853605,37.3933688,"Hospital Servizio continuita' assistenziale (ex Guardia Medica)"
13.351085,37.3958092,"Hospital Servizio continuita' assistenziale (ex Guardia Medica)"
13.535281,37.4007319,"Hospital Servizio continuita' assistenziale (ex Guardia Medica)"
13.7058705,37.4035928,"Hospital Servizio continuita' assistenziale (ex Guardia Medica)"
13.7389368,37.4050346,"Hospital Servizio continuita' assistenziale (ex Guardia Medica)"
13.6156551,37.4059006,"Hospital Servizio continuita' assistenziale (ex Guardia Medica)"
13.6433857,37.4078817,"Hospital Servizio continuita' assistenziale (ex Guardia Medica)"
13.5557476,37.430926,"Hospital Servizio continuita' assistenziale (ex Guardia Medica)"
13.2381521,37.4338014,"Hospital Servizio continuita' assistenziale (ex Guardia Medica)"
13.3887674,37.4409684,"Hospital Servizio continuita' assistenziale (ex Guardia Medica)"
13.5431489,37.4796425,"Hospital Servizio continuita' assistenziale (ex Guardia Medica)"
13.2689317,37.4917425,"Hospital Servizio continuita' assistenziale (ex Guardia Medica)"
13.5244831,37.5070476,"Hospital Servizio continuita' assistenziale (ex Guardia Medica)"
13.4356313,37.5201867,"Hospital Servizio continuita' assistenziale (ex Guardia Medica)"
13.6374496,37.5395947,"Hospital Servizio continuita' assistenziale (ex Guardia Medica)"
13.2343965,37.5596825,"Hospital Servizio continuita' assistenziale (ex Guardia Medica)"
13.4544162,37.570602,"Hospital Servizio continuita' assistenziale (ex Guardia Medica)"
13.2140257,37.5739077,"Hospital Servizio continuita' assistenziale (ex Guardia Medica)"
13.3061624,37.5782516,"Hospital Servizio continuita' assistenziale (ex Guardia Medica)"
13.2907182,37.5868619,"Hospital Servizio continuita' assistenziale (ex Guardia Medica)"
13.2866786,37.6003548,"Hospital Servizio continuita' assistenziale (ex Guardia Medica)"
12.9739601,37.6016844,"Hospital Servizio continuita' assistenziale (ex Guardia Medica)"
13.4396525,37.6165327,"Hospital Servizio continuita' assistenziale (ex Guardia Medica)"
13.4914137,37.6257648,"Hospital Servizio continuita' assistenziale (ex Guardia Medica)"
13.641061,37.6287695,"Hospital Servizio continuita' assistenziale (ex Guardia Medica)"
13.1217065,37.6590521,"Hospital Servizio continuita' assistenziale (ex Guardia Medica)"
13.0178243,37.6902271,"Hospital Servizio continuita' assistenziale (ex Guardia Medica)"
12.9852514,37.7051795,"Hospital Servizio continuita' assistenziale (ex Guardia Medica)"
10.0540449,45.4822859,"Hospital Ambulatorio medico"
12.8302659,43.5686034,"Hospital Ospedale SS Donnino e Carlo"
10.4087873,45.4104244,"Hospital Spedali Civili Brescia Montichiari"
10.8890923,44.6152161,"Hospital Casa di cura Villa Igea"
18.1666193,40.1730551,"Hospital Clinica S. Francesco"
15.5765802,41.8316439,"Hospital a.s.l.fg"
10.872077,44.6059936,"Hospital Pronto Soccorso"
12.4094093,44.1895874,"Hospital Ospedale di Cesenatico"
12.9010659,41.4412604,"Hospital ICOT"
13.6079157,37.352611,"Hospital Servizio continuita' assistenziale (ex Guardia Medica)"
10.9187003,43.9116668,"Hospital Clinica San Paolo"
9.0145176,44.9947823,"Hospital Ospedale civile di voghera entrata posteriore"
11.2051424,43.8318202,"Hospital Azienda Usl 10 Di Firenze"
14.9988007,37.2825941,"Hospital Ospedale di Lentini"
14.9828522,37.2844294,"Hospital Presidio Ospedaliero di Lentini"
11.4856143,43.628026,"Hospital"
10.1102536,45.5925099,"Hospital Pronto Soccorso Avis"
10.3529564,44.7944117,"Hospital"
10.456259,44.7614227,"Hospital USL Sant'Ilario d'Enza - Distretto Montecchio Emilia"
14.4524746,40.7671694,"Hospital Pronto Soccorso, presidio ospedaliero di Boscotrecase"
14.5510914,36.787549,"Hospital Guardia Medica"
15.6222271,40.2699374,"Hospital Guardia Medica"
15.6500094,40.2935811,"Hospital Clinica Fischietti"
11.6189754,44.8455037,"Hospital Casa di cura "Salus""
11.5397487,46.6314038,"Hospital Altersheim Josefsheim"
14.1623265,38.0191673,"Hospital Guardia Medica Finale"
12.6926853,43.4797124,"Hospital Infermeria FISPS"
16.2869891,39.4485466,"Hospital Poliambulatorio"
7.943788,44.5307856,"Hospital"
9.2055001,45.5334333,"Hospital Centro Polifunzionale di Emergenza Croce Rossa Italiana"
11.4763665,43.6128999,"Hospital Ospedale Serristori"
11.4768708,43.611727,"Hospital USL 20/b"
8.7452734,44.4300105,"Hospital Pronto Soccorso"
13.5814996,37.2879546,"Hospital Clinica Sant'Anna"
15.1126501,41.5781266,"Hospital Clinica De Luca"
15.6410544,41.712051,"Hospital Ospedale di San Marco in Lamis"
10.1460818,45.356799,"Hospital"
8.3729093,45.6089231,"Hospital Asl Vc"
10.5015937,43.8461172,"Hospital Casa di Cura Santa Zita"
14.3448228,40.8154946,"Hospital Guardia medica"
9.6035514,45.0557511,"Hospital Casa della Salute"
9.596521,45.0518297,"Hospital Centro Socio Riabilitativo"
12.5102905,41.9070472,"Hospital Pronto Soccorso"
14.9671984,38.4860295,"Hospital Centro Diriabilitazione Neuropsicomotoria"
11.8286256,44.8955652,"Hospital Ospedale San Giuseppe"
11.810702,44.7001472,"Hospital Ospedale Carlo Eppi"
11.8346841,44.6118547,"Hospital Ospedale Civile Mazzolani-Vandini"
10.798017,45.7514857,"Hospital Ospedale di Malcesine"
13.5530913,37.3280666,"Hospital Ambulatorio medico"
11.8558119,46.5543853,"Hospital medical facility"
11.8736456,46.5494088,"Hospital"
18.1967464,40.3556214,"Hospital Clinica Petrucciani"
12.2523651,45.7330505,"Hospital Casa di riposo e Centro diurno "Gino e Pierina MARANI""
7.3515187,45.7385722,"Hospital Servizio Ausili AUSL Valle d'Aosta"
10.7179363,43.7734383,"Hospital Distretto socio-sanitario Galleno"
9.5471151,40.900992,"Hospital Ospedale San Raffaele"
11.097007,43.9073773,"Hospital Casa di cura Villa Fiorita"
16.3893333,39.4914873,"Hospital Presidio ospedalaliere Beato Angelo"
11.904727,46.5835706,"Hospital Ambulatorio dr. Spechtenhauser /medical facility"
10.7442943,43.3347866,"Hospital Guardia Medica"
12.1316503,46.5544499,"Hospital Codivilla"
17.4261942,40.538985,"Hospital Pronto Soccorso 118"
11.5226058,45.8623036,"Hospital Ospedale civile di Asiago"
16.9536636,40.8912006,"Hospital Guardia Medica"
15.1435147,37.5557462,"Hospital Guardia Medica"
13.5925528,37.3074844,"Hospital"
8.4195055,45.5980637,"Hospital Guardia Medica di Ghemme"
8.4196422,45.5981326,"Hospital Ospedale di Ghemme"
7.3198218,44.8828331,"Hospital Agnelli"
12.054524,43.1271466,"Hospital"
9.2385227,45.6179409,"Hospital Croce Verde Lissonese"
12.5571549,43.0668318,"Hospital Centro ASL"
10.5480705,43.6754339,"Hospital Guardia Medica"
16.0146249,38.350867,"Hospital Veterinario"
11.9384508,46.9787801,"Hospital Arzt"
16.6476908,40.3604072,"Hospital Ospedale di Tinchi"
8.9184692,45.8116905,"Hospital Ambulatorio"
14.5402099,40.6305121,"Hospital Guardia Medica"
17.4369438,40.546253,"Hospital ASL"
14.2602322,40.9108988,"Hospital Distretto Sanitario"
14.0121306,38.0281515,"Hospital"
14.5523338,37.088676,"Hospital Guardia medica"
9.0347357,44.9061885,"Hospital Villa Esperia - Casa di Cura e Riabilitazione"
9.0271528,44.9103484,"Hospital Fondazione Don Carlo Gnocchi - Centro Santa Maria alle Fonti"
7.6480397,43.7847483,"Hospital Ospedale San Charles"
11.2585751,46.1874416,"Hospital Guardia Medica"
17.9661372,40.379654,"Hospital Poliambulatorio San Francesco"
16.5893672,40.6782116,"Hospital Guardia Medica"
9.3246026,45.0664046,"Hospital Croce Rossa Italiana - Stradella"
9.285614,45.0769138,"Hospital Ospedale unificato Broni-stradella"
11.7712469,43.1663095,"Hospital Consultorio Antares"
7.6546618,45.0410119,"Hospital Ospedale Koelliker"
9.4397632,40.4839217,"Hospital Ambulatorio Onanì"
10.9722229,45.9951831,"Hospital casa di riposo"
16.4076752,38.8887683,"Hospital Ambulatorio Medico"
12.2640484,42.8666523,"Hospital U.S.L. Distretto Socio Sanitario"
8.4251222,45.3176013,"Hospital Clinica Veterinaria Sant'Andrea"
9.1474117,45.2007173,"Hospital DEA"
10.071196,44.856799,"Hospital Italian Red Cross"
10.0387356,44.8485979,"Hospital"
11.0490774,46.2747699,"Hospital Guardia Medica"
11.1311968,46.0569249,"Hospital Guardia Medica"
10.9813247,45.8511471,"Hospital Guardia Medica"
11.0946842,46.2130371,"Hospital Guardia Medica"
11.0661113,46.3203409,"Hospital Guardia Medica"
11.2438352,46.127906,"Hospital Poliambulatorio comunale - Medici Generici - Pediatri - Guardia Medica"
9.5149233,45.4692407,"Hospital Ospedale di Rivolta d'Adda"
8.9185105,45.399855,"Hospital Centro Diagnostico Fleming"
8.777039,39.6845784,"Hospital Guardia medica"
11.3567889,45.7210652,"Hospital Croce Rossa Italiana - Comitato Locale di Schio"
9.4461681,45.9774908,"Hospital A.S.L. Presidio di Introbio"
9.4474127,45.9778077,"Hospital R.S.A. "Villa Serena" - Casa di Riposo"
11.6088839,44.8407146,"Hospital Azienda USL di Ferrara"
11.612101,44.8499058,"Hospital Centro di Medicina dello Sport"
8.2687356,45.8093867,"Hospital Casa Serena"
10.268302,43.7943077,"Hospital Pronto Soccorso"
14.6230241,41.5483833,"Hospital Pronto Soccorso"
14.6768674,41.5502295,"Hospital Guardia Medica"
9.1720033,45.4668625,"Hospital Poliambulatorio Sassi"
12.5216236,42.5170644,"Hospital Presidio ospedaliero Narni"
8.1123563,43.9241357,"Hospital Croce Oro Cervo"
10.7063691,45.4438078,"Hospital"
14.031268,37.4904605,"Hospital Ospedale San Elia"
13.725294,42.365135,"Hospital Ambulatorio Medico"
17.1252267,39.3654025,"Hospital"
16.0763122,38.4096412,"Hospital Presidio Ospedaliero "Santa Maria degli Ungheresi""
14.622096,41.5479965,"Hospital Ospedale Civile "Cardarelli""
8.1217112,44.108102,"Hospital SOCCORSO CINOFILO LIGURIA - CAMPO ADDESTRAMENTO CANI DA SOCCORSO"
8.1152096,44.1112545,"Hospital SOCCORSO CINOFILO LIGURIA - SEDE OPERATIVA"
8.9607125,44.4044257,"Hospital Croce Rossa Italiana - Comitato Locale di Genova"
8.9823324,44.4015423,"Hospital Croce Rossa Italiana - Comitato Locale di Genova - Distaccamento Sturla"
14.5274927,40.8602336,"Hospital Casa di cura La Madonnina"
9.1450352,45.4718983,"Hospital Istituto Scientifico Ospedale San Luca"
8.4149377,45.3177853,"Hospital Pronto Soccorso"
18.1484844,40.3448674,"Hospital Ospedale Militare"
15.0609385,40.3179104,"Hospital Guardia Medica"
16.9344984,40.6343675,"Hospital Ospedale castellaneta"
8.4162027,45.3178459,"Hospital Piastra Polifunzionale"
8.4142681,45.3173648,"Hospital Guardia Medica"
12.4936349,42.1450363,"Hospital Croce Rossa Morlupo"
12.2707898,41.7325012,"Hospital Distretto di salute mentale A.S.L. Roma D"
10.503593,45.6221212,"Hospital Fondazione Casa di Riposo di Roè Volciano - ONLUS"
9.1895936,41.2388648,"Hospital Guardia Medica"
8.5233905,45.7949059,"Hospital Croce Rossa Italiana - Volontari del Vergante"
10.9281654,45.0404422,"Hospital Poli ambulatorio"
9.1449718,45.2010537,"Hospital C.N.A.O. - Centro Nazionale di Adroterapia Oncologica"
14.1730068,40.8193685,"Hospital ASL NA1 - Poliambulatorio"
8.4224207,45.312393,"Hospital Clinica Santa Rita"
13.0950519,43.7517491,"Hospital Ospedale Bartolini"
9.1489818,45.5966293,"Hospital Varedo Soccorso"
13.5198504,45.8154703,"Hospital Pronto Soccoso"
12.1269583,41.9333374,"Hospital POSTAZIONE 118"
10.8948115,43.8151555,"Hospital Casa della Salute"
8.4435872,45.3063868,"Hospital Ambulatorio Veterinario"
11.8601055,45.3994548,"Hospital Centro di foniatria"
14.0648765,41.8869941,"Hospital Guardia Medica"
9.1926925,44.8252654,"Hospital Consultorio Familiare - OC Varzi"
9.191632,44.8254669,"Hospital Pronto Soccorso - OC Varzi"
14.6485532,40.74736,"Hospital ASL Salerno 1"
14.0955482,42.5757669,"Hospital Presidio sanitario Silvi"
11.916031,45.4118224,"Hospital Croce Rossa"
8.6642418,44.4024138,"Hospital Farmacia"
8.4057465,45.326245,"Hospital Ambulatorio Veterinario"
8.4089848,45.3330308,"Hospital Ambulatorio Veterinario"
12.9844709,46.0570193,"Hospital Ambulatorio"
7.5564906,45.0954817,"Hospital IRM"
13.9469513,40.7421136,"Hospital Istituto di Igiene mentale Buzziconia"
12.0680963,45.4224481,"Hospital"